{"cameraMode":{"drawMode":0,"name":"Shaded","section":"Shading Mode"},"sceneLighting":false,"audioPlay":false,"sceneViewState":{"m_AlwaysRefresh":false,"showFog":true,"showSkybox":false,"showFlares":true,"showImageEffects":true,"showParticleSystems":true,"showVisualEffectGraphs":true,"m_FxEnabled":true},"in2DMode":false,"pivot":{"x":0.5032342076301575,"y":1.9357882738113404,"z":1.4053621292114258},"rotation":{"x":0.0676434263586998,"y":-0.7360872626304627,"z":0.07452978193759918,"w":0.6695776581764221},"size":1.2989981174468995,"orthographic":false}