{"cameraMode":{"drawMode":0,"name":"Shaded","section":"Shading Mode"},"sceneLighting":true,"audioPlay":false,"sceneViewState":{"m_AlwaysRefresh":false,"showFog":true,"showSkybox":true,"showFlares":true,"showImageEffects":true,"showParticleSystems":true,"showVisualEffectGraphs":true,"m_FxEnabled":true},"in2DMode":false,"pivot":{"x":-0.577029824256897,"y":0.7868480682373047,"z":-9.558675765991211},"rotation":{"x":0.07366892695426941,"y":-0.03903896361589432,"z":0.00357428309507668,"w":0.9967114329338074},"size":1.6967461109161378,"orthographic":false}