{"cameraMode":{"drawMode":0,"name":"Shaded","section":"Shading Mode"},"sceneLighting":false,"audioPlay":false,"sceneViewState":{"m_AlwaysRefresh":false,"showFog":true,"showSkybox":false,"showFlares":true,"showImageEffects":true,"showParticleSystems":true,"showVisualEffectGraphs":true,"m_FxEnabled":true},"in2DMode":false,"pivot":{"x":4.5738396644592289,"y":20.72232437133789,"z":16.129125595092775},"rotation":{"x":0.05107218399643898,"y":-0.08846259862184525,"z":0.004742433317005634,"w":0.9949215054512024},"size":130.39781188964845,"orthographic":false}