{"cameraMode":{"drawMode":0,"name":"Shaded","section":"Shading Mode"},"sceneLighting":false,"audioPlay":false,"sceneViewState":{"m_AlwaysRefresh":false,"showFog":true,"showSkybox":false,"showFlares":true,"showImageEffects":true,"showParticleSystems":true,"showVisualEffectGraphs":true,"m_FxEnabled":true},"in2DMode":false,"pivot":{"x":1.015501618385315,"y":0.04571318253874779,"z":0.38720303773880007},"rotation":{"x":0.2231031358242035,"y":-0.4241637587547302,"z":0.10880070179700852,"w":0.8710613250732422},"size":0.8660253882408142,"orthographic":false}