{"cameraMode":{"drawMode":0,"name":"Shaded","section":"Shading Mode"},"sceneLighting":false,"audioPlay":false,"sceneViewState":{"m_AlwaysRefresh":false,"showFog":true,"showSkybox":false,"showFlares":true,"showImageEffects":true,"showParticleSystems":true,"showVisualEffectGraphs":true,"m_FxEnabled":true},"in2DMode":false,"pivot":{"x":-0.1360797882080078,"y":-0.009549379348754883,"z":0.029170989990234376},"rotation":{"x":0.2040373682975769,"y":-0.12896937131881715,"z":0.027276115491986276,"w":0.9701864123344421},"size":2.476599931716919,"orthographic":false}