{"cameraMode":{"drawMode":0,"name":"Shaded","section":"Shading Mode"},"sceneLighting":false,"audioPlay":false,"sceneViewState":{"m_AlwaysRefresh":false,"showFog":true,"showSkybox":false,"showFlares":true,"showImageEffects":true,"showParticleSystems":true,"showVisualEffectGraphs":true,"m_FxEnabled":true},"in2DMode":false,"pivot":{"x":114.33734130859375,"y":51.551448822021487,"z":-1013.784912109375},"rotation":{"x":-0.008540837094187737,"y":0.16852013766765595,"z":0.001643872121348977,"w":0.9858183860778809},"size":173.09124755859376,"orthographic":false}